title,url,author_name,word_count
'Isteri dan emak sudah nyawa-nyawa ikan ketika cuba diselamatkan',https://www.hmetro.com.my/utama/2024/09/1129405/isteri-dan-emak-sudah-nyawa-nyawa-ikan-ketika-cuba-diselamatkan,Zuliaty Zulkiffli,347
"'Bukan cari hantu, bongkar lokasi keras'",https://www.hmetro.com.my/utama/2024/09/1129289/bukan-cari-hantu-bongkar-lokasi-keras,,537
Penglipur lara cerita seram!,https://www.hmetro.com.my/utama/2024/09/1129284/penglipur-lara-cerita-seram,Suliati Asri dan Nurul Husna Mahmud,547
"Tang Jie-Ee Wei cipta sejarah peribadi, juara Terbuka Korea",https://www.hmetro.com.my/utama/2024/09/1129265/tang-jie-ee-wei-cipta-sejarah-peribadi-juara-terbuka-korea,Amirul Fazli Zukafli,281
Membesar dengan lagu Raja Gambus,https://www.hmetro.com.my/utama/2024/09/1129226/membesar-dengan-lagu-raja-gambus,Nurul Husna Mahmud,470
Israel buru Yahya Sinwar,https://www.hmetro.com.my/utama/2024/09/1129217/israel-buru-yahya-sinwar,Agensi,358
Terlalu fanatik hingga saling bertikam lidah,https://www.hmetro.com.my/utama/2024/09/1129208/terlalu-fanatik-hingga-saling-bertikam-lidah,Muhammad Saufi Hassan,848
Sindir ada impak,https://www.hmetro.com.my/utama/2024/09/1129172/sindir-ada-impak,Norhayati Nordin,549
"'Abang Bomba Sado, Akak Bomba Sweet'",https://www.hmetro.com.my/utama/2024/08/1129142/abang-bomba-sado-akak-bomba-sweet,Redzuan Muharam,474
'Rasa meremang sebelum tidak sedarkan diri' - Kak Mie,https://www.hmetro.com.my/utama/2024/08/1129113/rasa-meremang-sebelum-tidak-sedarkan-diri-kak-mie,Paya Linda Yahya,245
500 sampul surat hari pertama 'khazanah' kesayangan Masfaridatul Afiza,https://www.hmetro.com.my/utama/2024/08/1129028/500-sampul-surat-hari-pertama-khazanah-kesayangan-masfaridatul-afiza,Noor Hidayah Tanzizi,513
'Lucu bila ibu beli banyak sabun samak',https://www.hmetro.com.my/utama/2024/08/1128999/lucu-bila-ibu-beli-banyak-sabun-samak,Zuhainy Zulkiffli,365
Hafiz Suip mohon maaf berhubung kes gaduh,https://www.hmetro.com.my/utama/2024/08/1128973/hafiz-suip-mohon-maaf-berhubung-kes-gaduh,,285
Polis tembak mati penjenayah di Rawang,https://www.hmetro.com.my/utama/2024/08/1128924/polis-tembak-mati-penjenayah-di-rawang,Amirul Aiman Hamsuddin,132
Adik Ahmad Nawab dan pencipta lagu Wawasan 2020 meninggal dunia,https://www.hmetro.com.my/utama/2024/08/1128916/adik-ahmad-nawab-dan-pencipta-lagu-wawasan-2020-meninggal-dunia,,157
Cipta sejarah tersendiri,https://www.hmetro.com.my/utama/2024/08/1128912/cipta-sejarah-tersendiri,Fairul Asmaini Mohd Pilus,687
'Bungo lado identiti kito',https://www.hmetro.com.my/utama/2024/08/1128899/bungo-lado-identiti-kito,Suliati Asri,395
'Bukan mudah lupakan semua',https://www.hmetro.com.my/utama/2024/08/1128860/bukan-mudah-lupakan-semua,Syafil Syazwan Jefri,466
"Polis tumpaskan kegiatan seks bertukar pasangan, tahan 36 individu",https://www.hmetro.com.my/utama/2024/08/1128729/polis-tumpaskan-kegiatan-seks-bertukar-pasangan-tahan-36-individu,Nor Azizah Mokhtar,658
"'Kamu pendakwah, perbuatan itu tidak diterima akal' - Hakim",https://www.hmetro.com.my/utama/2024/08/1128664/kamu-pendakwah-perbuatan-itu-tidak-diterima-akal-hakim,Suraya Roslan,517
"'Kamu pendakwah, perbuatan itu tidak diterima akal' - Hakim",https://www.hmetro.com.my/utama/2024/08/1128664/kamu-pendakwah-perbuatan-itu-tidak-diterima-akal-hakim,Suraya Roslan,517
"'Dulu asnaf, sekarang aku pembayar zakat'",https://www.hmetro.com.my/utama/2024/08/1128597/dulu-asnaf-sekarang-aku-pembayar-zakat,Amir Abd Hamid,792
"Da'i Syed dipenjara 10 tahun, tiga sebatan kerana merogol, isteri sedang berpantang menangis",https://www.hmetro.com.my/utama/2024/08/1128585/dai-syed-dipenjara-10-tahun-tiga-sebatan-kerana-merogol-isteri-sedang,Suraya Roslan,252
Merdeka dari 'dijajah' rasuah,https://www.hmetro.com.my/utama/2024/08/1128515/merdeka-dari-dijajah-rasuah,Suraya Roslan,609
Khai lawan insomnia,https://www.hmetro.com.my/utama/2024/08/1128509/khai-lawan-insomnia,Najiy Jefri,380
Faisal 'menangis' jadi tetamu saksikan latihan pusat Harimau Malaya,https://www.hmetro.com.my/utama/2024/08/1128413/faisal-menangis-jadi-tetamu-saksikan-latihan-pusat-harimau-malaya,Firdaus Hashim,223
"Pan-gon sendiri minta dilepaskan, macam orang gila talak - Hamidin",https://www.hmetro.com.my/utama/2024/08/1128386/pan-gon-sendiri-minta-dilepaskan-macam-orang-gila-talak-hamidin,Firdaus Hashim,335
Hang-seo dalam radar FAM latih Harimau Malaya,https://www.hmetro.com.my/utama/2024/08/1128370/hang-seo-dalam-radar-fam-latih-harimau-malaya,Firdaus Hashim,189
Kejadian tanah jerlus mungkin jadi asbab peluk Islam - ABIM,https://www.hmetro.com.my/utama/2024/08/1128227/kejadian-tanah-jerlus-mungkin-jadi-asbab-peluk-islam-abim,Mahaizura Abd Malik,389
'Terima kasih Uncle Ang kerana bantu saya' - Siti Aishah,https://www.hmetro.com.my/utama/2024/08/1128203/terima-kasih-uncle-ang-kerana-bantu-saya-siti-aishah,Noor Hidayah Tanzizi,460
Anggota TLDM ditemukan tak sedar lepas sejam turun menyelam di KD Pendekar,https://www.hmetro.com.my/utama/2024/08/1128136/anggota-tldm-ditemukan-tak-sedar-lepas-sejam-turun-menyelam-di-kd-pendekar,Izz Laily Hussein,278
Perkukuh ekosistem TVET,https://www.hmetro.com.my/utama/2024/08/1128133/perkukuh-ekosistem-tvet,Hafiz Ithnin,358
'Bukan sahaja bebas penjajah',https://www.hmetro.com.my/utama/2024/08/1128122/bukan-sahaja-bebas-penjajah,Nurul Hidayah Bahaudin,317
Bab baharu Amir Jahari,https://www.hmetro.com.my/utama/2024/08/1128118/bab-baharu-amir-jahari,Syafil Syazwan Jefri,707
Ganggu ketenangan hari cuti,https://www.hmetro.com.my/utama/2024/08/1128109/ganggu-ketenangan-hari-cuti,Izzatie Rizan,530
Penyelam TLDM maut ketika operasi salvaj KD Pendekar,https://www.hmetro.com.my/utama/2024/08/1128058/penyelam-tldm-maut-ketika-operasi-salvaj-kd-pendekar,BERNAMA,105
'Boleh tak pura-pura jadi mak saya? Saya rindu arwah',https://www.hmetro.com.my/utama/2024/08/1128055/boleh-tak-pura-pura-jadi-mak-saya-saya-rindu-arwah,Redzuan Muharam,322
Malaysia anjur Sukan Sea 2027 di 4 negeri,https://www.hmetro.com.my/utama/2024/08/1128031/malaysia-anjur-sukan-sea-2027-di-4-negeri,Ferzalfie Fauzi,222
Mayat bayi ditemukan ditanam bawah lantai simen,https://www.hmetro.com.my/utama/2024/08/1127999/mayat-bayi-ditemukan-ditanam-bawah-lantai-simen,Muhammad Zulsyamini Sufian Suri,119
Syarikat penerbangan perlu kembalikan bayaran penuh jika lewat lebih 5 jam,https://www.hmetro.com.my/utama/2024/08/1127971/syarikat-penerbangan-perlu-kembalikan-bayaran-penuh-jika-lewat-lebih-5-jam,BERNAMA,380
Syarikat penerbangan perlu kembalikan bayaran penuh jika lewat lebih 5 jam,https://www.hmetro.com.my/utama/2024/08/1127971/syarikat-penerbangan-perlu-kembalikan-bayaran-penuh-jika-lewat-lebih-5-jam,BERNAMA,380
"Nik Nazmi, Fahmi tarik diri bertanding Presiden KLFA",https://www.hmetro.com.my/utama/2024/08/1127944/nik-nazmi-fahmi-tarik-diri-bertanding-presiden-klfa,Firdaus Hashim,307
"'Deepfake' tiru suara kenalan mula jerat mangsa, 454 kes disiasat",https://www.hmetro.com.my/utama/2024/08/1127918/deepfake-tiru-suara-kenalan-mula-jerat-mangsa-454-kes-disiasat,Hafidzul Hilmi Mohd Noor,291
Ceroboh privasi jiran tetangga,https://www.hmetro.com.my/utama/2024/08/1127884/ceroboh-privasi-jiran-tetangga,Izzatie Rizan,612
Tanah mendap berdekatan lokasi tanah jerlus,https://www.hmetro.com.my/utama/2024/08/1127782/tanah-mendap-berdekatan-lokasi-tanah-jerlus,BERNAMA,139
'Duta kecil' Malaysia atas padang bola,https://www.hmetro.com.my/utama/2024/08/1127761/duta-kecil-malaysia-atas-padang-bola,Firdaus Hashim,499
Buktikan persepsi salah,https://www.hmetro.com.my/utama/2024/08/1127749/buktikan-persepsi-salah,Hafiz Ithnin,834
Peluang julang muzik Borneo,https://www.hmetro.com.my/utama/2024/08/1127725/peluang-julang-muzik-borneo,Georgie Joseph,789
Arif Aiman ziarah Faisal Halim,https://www.hmetro.com.my/utama/2024/08/1127704/arif-aiman-ziarah-faisal-halim,Firdaus Hashim,153
Tidak adil salahkan PSM kualiti padang SNBJ - Iliyas,https://www.hmetro.com.my/utama/2024/08/1127681/tidak-adil-salahkan-psm-kualiti-padang-snbj-iliyas,Firdaus Hashim,385
Dua anggota polis parah tertimbus tanah ketika musnah bom,https://www.hmetro.com.my/utama/2024/08/1127679/dua-anggota-polis-parah-tertimbus-tanah-ketika-musnah-bom,Mohamad Fahd Rahmat,150
'Saya ajar arwah isteri mengucap kalimah syahadah' - Suami,https://www.hmetro.com.my/utama/2024/08/1127580/saya-ajar-arwah-isteri-mengucap-kalimah-syahadah-suami,Alias Abd Rani,388
'Apa kau buat dekat anak buah kami',https://www.hmetro.com.my/utama/2024/08/1127463/apa-kau-buat-dekat-anak-buah-kami,Muhaamad Hafis Nawawi,290
Muhyiddin mengaku tidak bersalah menghasut,https://www.hmetro.com.my/utama/2024/08/1127449/muhyiddin-mengaku-tidak-bersalah-menghasut,Nor Fazlina Abdul Rahim dan Paya Linda Yahya,522
Remaja Orang Asli didakwa bunuh Nuraina Humaira,https://www.hmetro.com.my/utama/2024/08/1127444/remaja-orang-asli-didakwa-bunuh-nuraina-humaira,Muhamad Lokman Khairi,216
Sudah enam kali kemo,https://www.hmetro.com.my/utama/2024/08/1127422/sudah-enam-kali-kemo,Zuliaty Zulkiffli,348
Syukuri nikmat hidup aman damai di Malaysia,https://www.hmetro.com.my/utama/2024/08/1127411/syukuri-nikmat-hidup-aman-damai-di-malaysia,Ramlah Zainal,278
Cukup saya saja faham,https://www.hmetro.com.my/utama/2024/08/1127377/cukup-saya-saja-faham,Norhayati Nordin,662
Final Piala FA hilang seri kerana JDT satu tahap lebih tinggi - Jamal Nasir,https://www.hmetro.com.my/utama/2024/08/1127324/final-piala-fa-hilang-seri-kerana-jdt-satu-tahap-lebih-tinggi-jamal-nasir,Amirul Fazli Zulkafli,301
"Bekas pengendali England, Eriksson meninggal dunia",https://www.hmetro.com.my/utama/2024/08/1127316/bekas-pengendali-england-eriksson-meninggal-dunia,Reuters,102
"Bekas pengendali England, Eriksson meninggal dunia",https://www.hmetro.com.my/utama/2024/08/1127316/bekas-pengendali-england-eriksson-meninggal-dunia,Reuters,102
Suami isteri didakwa cuai sebabkan anak tiga tahun positif dadah,https://www.hmetro.com.my/utama/2024/08/1127213/suami-isteri-didakwa-cuai-sebabkan-anak-tiga-tahun-positif-dadah,BERNAMA,179
Pelajar makin liat ke sekolah,https://www.hmetro.com.my/utama/2024/08/1127063/pelajar-makin-liat-ke-sekolah,Mohd Jamilul Anbia Md Denin dan Nurul Hidayah Bahaudin,490
Tugas MPKj atau JPS?,https://www.hmetro.com.my/utama/2024/08/1127055/tugas-mpkj-atau-jps,Amir Abd Hamid,307
Kita berbeza tetapi bersatu,https://www.hmetro.com.my/utama/2024/08/1127048/kita-berbeza-tetapi-bersatu,Mohammad Khairil Ashraf Mohd Khalid,395
'Pahala ini buat arwah emak',https://www.hmetro.com.my/utama/2024/08/1127033/pahala-ini-buat-arwah-emak,Noor Hidayah Tanzizi,334
Dua negara kongsi pentas,https://www.hmetro.com.my/utama/2024/08/1127025/dua-negara-kongsi-pentas,Najiy Jefri,446
'Nampak air hitam mengalir keluar tepi pintu' - Jiran,https://www.hmetro.com.my/utama/2024/08/1126897/nampak-air-hitam-mengalir-keluar-tepi-pintu-jiran,Alias Abd Rani,385
Sze Fei-Izzuddin juara Terbuka Jepun,https://www.hmetro.com.my/utama/2024/08/1126802/sze-fei-izzuddin-juara-terbuka-jepun,Ferzalfie Fauzi,242
5 hari yang genting,https://www.hmetro.com.my/utama/2024/08/1126759/5-hari-yang-genting,Nor ‘Asyikin Mat Hayin,361
PPR bukan untuk miskin tegar,https://www.hmetro.com.my/utama/2024/08/1126752/ppr-bukan-untuk-miskin-tegar,Hafiz Ithnin,804
Tidur belum tentu bangun,https://www.hmetro.com.my/utama/2024/08/1126746/tidur-belum-tentu-bangun,Mohd Jamilul Anbia Md Denin,387
Karya hebat dua dekad,https://www.hmetro.com.my/utama/2024/08/1126730/karya-hebat-dua-dekad,,490
Buat kerja dengan ikhlas,https://www.hmetro.com.my/utama/2024/08/1126712/buat-kerja-dengan-ikhlas,Ramlah Zainal,529
JDT juara hatrik Piala FA,https://www.hmetro.com.my/utama/2024/08/1126688/jdt-juara-hatrik-piala-fa,Firdaus Hashim &amp; Amirul Fazli Zulkafli,316
"Bapa, anak lelaki OKU ditemui mati dalam rumah",https://www.hmetro.com.my/utama/2024/08/1126576/bapa-anak-lelaki-oku-ditemui-mati-dalam-rumah,Alias Abd Rani,273
"'Saya lihat air, kayu dan batang kelapa sawit seperti tsunami' - Mangsa kepala air",https://www.hmetro.com.my/utama/2024/08/1126531/saya-lihat-air-kayu-dan-batang-kelapa-sawit-seperti-tsunami-mangsa-kepala-air,BERNAMA,366
Norza tunai janji letak jawatan presiden BAM,https://www.hmetro.com.my/utama/2024/08/1126499/norza-tunai-janji-letak-jawatan-presiden-bam,BERNAMA,98
Perlu lebih ramai pakar DNA,https://www.hmetro.com.my/utama/2024/08/1126448/perlu-lebih-ramai-pakar-dna,Skuad Khas Harian Metro,340
Petunjuk DNA kunci selesai kes,https://www.hmetro.com.my/utama/2024/08/1126435/petunjuk-dna-kunci-selesai-kes,Skuad Khas Harian Metro,616
Petunjuk DNA kunci selesai kes,https://www.hmetro.com.my/utama/2024/08/1126435/petunjuk-dna-kunci-selesai-kes,Skuad Khas Harian Metro,616
'Tolong selamatkan ibu saya' - Anak mangsa lubang benam,https://www.hmetro.com.my/utama/2024/08/1126377/tolong-selamatkan-ibu-saya-anak-mangsa-lubang-benam,BERNAMA,260
Saksi derita orang didik diri bersyukur,https://www.hmetro.com.my/utama/2024/08/1126372/saksi-derita-orang-didik-diri-bersyukur,Muhamaad Razis Ismail,335
Tempa nama secara 'organik',https://www.hmetro.com.my/utama/2024/08/1126353/tempa-nama-secara-organik,Georgie Joseph,889
"Dhuha, Kelly raih emas keenam di kolam renang",https://www.hmetro.com.my/utama/2024/08/1126287/dhuha-kelly-raih-emas-keenam-di-kolam-renang,Faizal Salim,374
8 juta rakyat Malaysia bakal terima bantuan STR 29 Ogos ini,https://www.hmetro.com.my/utama/2024/08/1126198/8-juta-rakyat-malaysia-bakal-terima-bantuan-str-29-ogos-ini,Noor Atiqah Sulaiman,341
"'Katil seperti berbuai-buai, saya fikirkan ada berlaku gempa bumi'",https://www.hmetro.com.my/utama/2024/08/1126166/katil-seperti-berbuai-buai-saya-fikirkan-ada-berlaku-gempa-bumi,Nor Azizah Mokhtar,494
Merdeka cermin semangat perpaduan,https://www.hmetro.com.my/utama/2024/08/1125982/merdeka-cermin-semangat-perpaduan,Sri Ayu Kartika Amri,380
'Ramai anggap budak sekolah',https://www.hmetro.com.my/utama/2024/08/1125966/ramai-anggap-budak-sekolah,Noor Hidayah Tanzizi,343
"Mula suka, akhir nestapa",https://www.hmetro.com.my/utama/2024/08/1125962/mula-suka-akhir-nestapa,Fahiz Ariff,354
Magis atas pentas,https://www.hmetro.com.my/utama/2024/08/1125945/magis-atas-pentas,Syafil Syazwan Jefri,882
Final Piala FA 'paling panas' - Sadek,https://www.hmetro.com.my/utama/2024/08/1125870/final-piala-fa-paling-panas-sadek,Amirul Fazli Zulkafli,356
Kalau Presley dia tak jadi penerjun tetapi penyanyi - Clement,https://www.hmetro.com.my/utama/2024/08/1125853/kalau-presley-dia-tak-jadi-penerjun-tetapi-penyanyi-clement,Faizal Salim,544
"Zii Jia terima RM250,000, Aaron-Wooi Yik dapat RM100,000 seorang",https://www.hmetro.com.my/utama/2024/08/1125841/zii-jia-terima-rm250000-aaron-wooi-yik-dapat-rm100000-seorang,Amirul Fazli Zulkafli,297
Fakrul Afizul atlet pertama pecah rekod kebangsaan olahraga,https://www.hmetro.com.my/utama/2024/08/1125819/fakrul-afizul-atlet-pertama-pecah-rekod-kebangsaan-olahraga,Helmi Talkah,140
"Wak Doyok jadi mangsa tipu, rugi RM3 juta",https://www.hmetro.com.my/utama/2024/08/1125796/wak-doyok-jadi-mangsa-tipu-rugi-rm3-juta,Ramlah Zainal,275
'Kenyang' dek habuan satu kepala RM3.5k,https://www.hmetro.com.my/utama/2024/08/1125667/kenyang-dek-habuan-satu-kepala-rm35k,,204
Pengkhianat 'setting counter',https://www.hmetro.com.my/utama/2024/08/1125655/pengkhianat-setting-counter,Mohd Jamilul Anbia Md Denin,441
"Yasin dipenjara seumur hidup, 16 sebatan",https://www.hmetro.com.my/utama/2024/08/1125651/yasin-dipenjara-seumur-hidup-16-sebatan,Suraya Roslan,343
Ayuh terjemah merdeka!,https://www.hmetro.com.my/utama/2024/08/1125572/ayuh-terjemah-merdeka,Sudirman Mohd Tahir,543
Ayuh terjemah merdeka!,https://www.hmetro.com.my/utama/2024/08/1125572/ayuh-terjemah-merdeka,Sudirman Mohd Tahir,543
Anak seni hargai ilmu,https://www.hmetro.com.my/utama/2024/08/1125543/anak-seni-hargai-ilmu,Norhayati Nordin,510
Chen Jie bidik emas ketujuh menembak Sukma,https://www.hmetro.com.my/utama/2024/08/1125463/chen-jie-bidik-emas-ketujuh-menembak-sukma,Syazwan Msar,177
"Pegawai, anggota APMM cedera diserang nelayan Vietnam",https://www.hmetro.com.my/utama/2024/08/1125459/pegawai-anggota-apmm-cedera-diserang-nelayan-vietnam,Zaid Salim,259
"Bas SUK Selangor kemalangan, 6 parah, 15 cedera",https://www.hmetro.com.my/utama/2024/08/1125429/bas-suk-selangor-kemalangan-6-parah-15-cedera,Ruwaida Md Zain,190
Faisal tiada dalam senarai 26 pemain Pestabola Merdeka 2024,https://www.hmetro.com.my/utama/2024/08/1125402/faisal-tiada-dalam-senarai-26-pemain-pestabola-merdeka-2024,Amirul Fazli Zulkafli,271
"12 ditahan seludup masuk warga asing, anggota penguat kuasa antara dalang",https://www.hmetro.com.my/utama/2024/08/1125199/12-ditahan-seludup-masuk-warga-asing-anggota-penguat-kuasa-antara-dalang,Mohd Iskandar Ibrahim,386
Rasa teruja nyanyi lagu tema merdeka,https://www.hmetro.com.my/utama/2024/08/1125147/rasa-teruja-nyanyi-lagu-tema-merdeka,Syafil Syazwan Jefri,357
'Pan-Asia' bukan jaminan,https://www.hmetro.com.my/utama/2024/08/1125145/pan-asia-bukan-jaminan,Najiy Jefri,520
Penjenayah warga Afrika mati ditembak polis: 10 lagi ahli kumpulan samun diburu,https://www.hmetro.com.my/utama/2024/08/1125103/penjenayah-warga-afrika-mati-ditembak-polis-10-lagi-ahli-kumpulan-samun-diburu,Hafidzul Hilmi Mohd Noor,250
SPRM gempur KLIA,https://www.hmetro.com.my/utama/2024/08/1125091/sprm-gempur-klia,Mohd Jamilul Anbia Md Denin,421
Polis tembak mati penjenayah warga Afrika,https://www.hmetro.com.my/utama/2024/08/1125089/polis-tembak-mati-penjenayah-warga-afrika,Hafidzul Hilmi Mohd Noor,93
"Kes bunuh isteri, anak: Suspek sempat minta imam rukyah anak dakwa dirasuk",https://www.hmetro.com.my/utama/2024/08/1124985/kes-bunuh-isteri-anak-suspek-sempat-minta-imam-rukyah-anak-dakwa-dirasuk,Zuliaty Zulkiffli,373
"Menangis sampai tertidur, pau tak sempat beli",https://www.hmetro.com.my/utama/2024/08/1124844/menangis-sampai-tertidur-pau-tak-sempat-beli,Mohd Haris Fadli Mohd Fadzil,259
"Penganggur dituduh bunuh ibu bapa, anak saudara",https://www.hmetro.com.my/utama/2024/08/1124832/penganggur-dituduh-bunuh-ibu-bapa-anak-saudara,Alias Abd Rani,273
"'Saya beritahu anak-anak, mama pergi jauh kerana Allah sayang' - Suami Cikgu Istiqomah",https://www.hmetro.com.my/utama/2024/08/1124820/saya-beritahu-anak-anak-mama-pergi-jauh-kerana-allah-sayang-suami-cikgu,Nor Fazlina Abdul Rahim,238
Rasa rindu kesopanan orang kita,https://www.hmetro.com.my/utama/2024/08/1124748/rasa-rindu-kesopanan-orang-kita,Aida Adilah Mat,536
Tak boleh lebih  2km,https://www.hmetro.com.my/utama/2024/08/1124739/tak-boleh-lebih-2km,Hidayatidayu Razali,253
Kemilau bintang Siti,https://www.hmetro.com.my/utama/2024/08/1124723/kemilau-bintang-siti,Syafil Syazwan Jefri,652
Jenazah Istiqomah selamat dikebumikan,https://www.hmetro.com.my/utama/2024/08/1124711/jenazah-istiqomah-selamat-dikebumikan,Syaherah Mustafa,253
Jenazah Istiqomah selamat dikebumikan,https://www.hmetro.com.my/utama/2024/08/1124711/jenazah-istiqomah-selamat-dikebumikan,Syaherah Mustafa,253
"Ibu, anak mati dibunuh dengan kesan kelar, lelaki ditahan - Polis",https://www.hmetro.com.my/utama/2024/08/1124709/ibu-anak-mati-dibunuh-dengan-kesan-kelar-lelaki-ditahan-polis,Zuliaty Zulkiffli,283
"Mayat dua wanita ditemukan dalam longkang, dipercayai ada pertalian keluarga",https://www.hmetro.com.my/utama/2024/08/1124695/mayat-dua-wanita-ditemukan-dalam-longkang-dipercayai-ada-pertalian-keluarga,Zuliaty Zulkiffli,139
"'Saya tak mahu tahu, tak mahu tengok muka suspek' - Bapa Nuraina Humaira",https://www.hmetro.com.my/utama/2024/08/1124671/saya-tak-mahu-tahu-tak-mahu-tengok-muka-suspek-bapa-nuraina-humaira,Muhamad Lokman Khairi,301
Qistina pecah tiga rekod kebangsaan angkat berat,https://www.hmetro.com.my/utama/2024/08/1124622/qistina-pecah-tiga-rekod-kebangsaan-angkat-berat,BERNAMA,310
Syamsul Yusof failkan perceraian pada Ira Kazar hari ini,https://www.hmetro.com.my/utama/2024/08/1124613/syamsul-yusof-failkan-perceraian-pada-ira-kazar-hari-ini,Wartawan Harian Metro,128
"'Saya pelik keropok diikat tinggi, macam mana dua beradik itu boleh ambil' - Uzair Shafawi",https://www.hmetro.com.my/utama/2024/08/1124544/saya-pelik-keropok-diikat-tinggi-macam-mana-dua-beradik-itu-boleh-ambil-uzair,Zuliaty Zulkiffli,507
'Moga syahid buat bidadari syurgaku' - suami Cikgu Istiqomah,https://www.hmetro.com.my/utama/2024/08/1124471/moga-syahid-buat-bidadari-syurgaku-suami-cikgu-istiqomah,Mary Victoria Dass,301
Pelabur mata wang asing didakwa bunuh Cikgu Istiqomah,https://www.hmetro.com.my/utama/2024/08/1124422/pelabur-mata-wang-asing-didakwa-bunuh-cikgu-istiqomah,Meor Riduwan Meor Ahmad,278
Suspek bunuh Cikgu Istiqomah didakwa pagi ini,https://www.hmetro.com.my/utama/2024/08/1124395/suspek-bunuh-cikgu-istiqomah-didakwa-pagi-ini,Meor Riduwan Meor Ahmad,310
Remaja disyaki bunuh Nuraina Humaira direman 7 hari,https://www.hmetro.com.my/utama/2024/08/1124389/remaja-disyaki-bunuh-nuraina-humaira-direman-7-hari,Muhamad Lokman Khairi,193
'Kami hanya dapat 2 penumpang sehari',https://www.hmetro.com.my/utama/2024/08/1124379/kami-hanya-dapat-2-penumpang-sehari,Hidayatidayu Razali,401
MHO selamatkan hak rakyat teraniaya,https://www.hmetro.com.my/utama/2024/08/1124371/mho-selamatkan-hak-rakyat-teraniaya,Raja Noraina Raja Rahim,437
Lyodra kian mengharum,https://www.hmetro.com.my/utama/2024/08/1124338/lyodra-kian-mengharum,Georgie Joseph,734
"Kematian Nuraina Humaira, polis tahan remaja Orang Asli 17 tahun",https://www.hmetro.com.my/utama/2024/08/1124274/kematian-nuraina-humaira-polis-tahan-remaja-orang-asli-17-tahun,Muhammad Zulsyamini Sufian Suri,181
"Kanak-kanak Orang Asli dipercayai dirogol, dibunuh - Polis",https://www.hmetro.com.my/utama/2024/08/1124266/kanak-kanak-orang-asli-dipercayai-dirogol-dibunuh-polis,Muhammad Zulsyamini Sufian Suri,233
"Hampir tiga minggu diburu, akhirnya 'hantu' Jalan Austin Heights Utama dicekup polis",https://www.hmetro.com.my/utama/2024/08/1124186/hampir-tiga-minggu-diburu-akhirnya-hantu-jalan-austin-heights-utama-dicekup,Izz Laily Hussein,339
"Kanak-kanak 8 tahun maut dipercayai dipukul, ibu dan bapa tiri ditahan",https://www.hmetro.com.my/utama/2024/08/1124182/kanak-kanak-8-tahun-maut-dipercayai-dipukul-ibu-dan-bapa-tiri-ditahan,Muhaamad Hafis Nawawi,200
Waspada jika penyewa bayar sewa sekali gus,https://www.hmetro.com.my/utama/2024/08/1124132/waspada-jika-penyewa-bayar-sewa-sekali-gus,Skuad Khas Harian Metro,580
"Jasad Nuraina, 10, ditemukan selepas hilang sejak Jumaat",https://www.hmetro.com.my/utama/2024/08/1124119/jasad-nuraina-10-ditemukan-selepas-hilang-sejak-jumaat,Muhammad Zulsyamini Sufian Suri,252
"Jasad Nuraina, 10, ditemukan selepas hilang sejak Jumaat",https://www.hmetro.com.my/utama/2024/08/1124119/jasad-nuraina-10-ditemukan-selepas-hilang-sejak-jumaat,Muhammad Zulsyamini Sufian Suri,252
Penyewa pasang pintu 'kalis peluru'!,https://www.hmetro.com.my/utama/2024/08/1124111/penyewa-pasang-pintu-kalis-peluru,Skuad Khas Harian Metro,605
Mengukir nama di puncak dunia,https://www.hmetro.com.my/utama/2024/08/1124044/mengukir-nama-di-puncak-dunia,Muhammad Saufi Hassan,342
Kata-kata bertukar jadi nista,https://www.hmetro.com.my/utama/2024/08/1124039/kata-kata-bertukar-jadi-nista,Nor ‘Asyikin Mat Hayin,956
Bersaing menangi undi di 50 negeri,https://www.hmetro.com.my/utama/2024/08/1124025/bersaing-menangi-undi-di-50-negeri,Agensi,330
Harmoni 28 tahun,https://www.hmetro.com.my/utama/2024/08/1123997/harmoni-28-tahun,Norhayati Nordin,568
"Lebih 40,000 penonton hadir perasmian pembukaan Sukma Sarawak",https://www.hmetro.com.my/utama/2024/08/1123965/lebih-40000-penonton-hadir-perasmian-pembukaan-sukma-sarawak,Syazwan Msar dan Mohd Roji Kawi,328
Mohd Azmawi Fikri rasmi menang PRK Dun Nenggiri,https://www.hmetro.com.my/utama/2024/08/1123953/mohd-azmawi-fikri-rasmi-menang-prk-dun-nenggiri,Nor Fazlina Abdul Rahim,233
"PRK Dun Nenggiri: Kira undi selesai, BN menang besar",https://www.hmetro.com.my/utama/2024/08/1123923/prk-dun-nenggiri-kira-undi-selesai-bn-menang-besar,Nor Fazlina Abdul Rahim,191
Terkini: Keputusan PRK Dun Nenggiri,https://www.hmetro.com.my/utama/2024/08/1123896/terkini-keputusan-prk-dun-nenggiri,Nor Fazlina Abdul Rahim,164
5 tahun lagi sebelum tanah kubur di KL penuh,https://www.hmetro.com.my/utama/2024/08/1123825/5-tahun-lagi-sebelum-tanah-kubur-di-kl-penuh,Essa Abu Yamin,440
Jiwa kacau di usia belasan tahun,https://www.hmetro.com.my/utama/2024/08/1123736/jiwa-kacau-di-usia-belasan-tahun,Mohd Jamilul Anbia Md Denin dan Nurul Najwa Mohd Noordin,704
Kadar kemurungan remaja semakin meningkat,https://www.hmetro.com.my/utama/2024/08/1123724/kadar-kemurungan-remaja-semakin-meningkat,Mohd Jamilul Anbia Md Denin dan Nurul Najwa Mohd Noordin,835
Pengundi Dun Nenggiri pilih wakil rakyat baharu hari ini,https://www.hmetro.com.my/utama/2024/08/1123661/pengundi-dun-nenggiri-pilih-wakil-rakyat-baharu-hari-ini,Nor Fazlina Abdul Rahim,222
Mayat wanita sudah berulat ditemukan terapung dalam longkang,https://www.hmetro.com.my/utama/2024/08/1123657/mayat-wanita-sudah-berulat-ditemukan-terapung-dalam-longkang,Ruwaida Md Zain,162
Nama Malaysia digeruni lawan,https://www.hmetro.com.my/utama/2024/08/1123651/nama-malaysia-digeruni-lawan,Hafiz Ithnin,479
Teruja lihat bakat baru,https://www.hmetro.com.my/utama/2024/08/1123613/teruja-lihat-bakat-baru,Najiy Jefri,408
"Tersesat 19 hari, setiap hari Nur Maisarah laung azan ketika mula berjalan",https://www.hmetro.com.my/utama/2024/08/1123554/tersesat-19-hari-setiap-hari-nur-maisarah-laung-azan-ketika-mula-berjalan,Noor Hidayah Tanzizi,650
"Ya Allah, Ya Allah, Ya Allah - Jeritan terakhir pembantu juruterbang nahas Elmina",https://www.hmetro.com.my/utama/2024/08/1123516/ya-allah-ya-allah-ya-allah-jeritan-terakhir-pembantu-juruterbang-nahas-elmina,Amalia Azmi &amp; Fuad Nizam,214
"Laporan Akhir  nahas pesawat Beechraft di Elmina dedah contoh ketidakpatuhan, kesilapan",https://www.hmetro.com.my/utama/2024/08/1123449/laporan-akhir-nahas-pesawat-beechraft-di-elmina-dedah-contoh-ketidakpatuhan,Sudirman Mohd Tahir &amp; Noor Hidayah Tanzizi,253
"Laporan Akhir  nahas pesawat Beechraft di Elmina dedah contoh ketidakpatuhan, kesilapan",https://www.hmetro.com.my/utama/2024/08/1123449/laporan-akhir-nahas-pesawat-beechraft-di-elmina-dedah-contoh-ketidakpatuhan,Sudirman Mohd Tahir &amp; Noor Hidayah Tanzizi,253
Peluasan tidak sengaja 'lift dump spoiler' kru penerbangan punca nahas pesawat di Elmina,https://www.hmetro.com.my/utama/2024/08/1123446/peluasan-tidak-sengaja-lift-dump-spoiler-kru-penerbangan-punca-nahas-pesawat,Sudirman Mohd Tahir &amp; Noor Hidayah Tanzizi,334
Setahun tragedi pesawat terhempas di Elmina: Bapa sering terbayang wajah Muhamad Hafiz,https://www.hmetro.com.my/utama/2024/08/1123415/setahun-tragedi-pesawat-terhempas-di-elmina-bapa-sering-terbayang-wajah,Noorazura Abdul Rahman,449
Pemain bola sepak amatur tunjuk kerambit dipenjara,https://www.hmetro.com.my/utama/2024/08/1123366/pemain-bola-sepak-amatur-tunjuk-kerambit-dipenjara,Suraya Roslan,430
"'Kaki kiri Aqil putus, hanya Allah sahaja tahu perasaan saya ketika itu' - Ibu",https://www.hmetro.com.my/utama/2024/08/1123344/kaki-kiri-aqil-putus-hanya-allah-sahaja-tahu-perasaan-saya-ketika-itu-ibu,Siti Rohana Idris,390
"Gaji Kumpulan Pelaksana, Pengurusan dan Profesional naik 15 peratus, Pengurusan Tertinggi 7 peratus",https://www.hmetro.com.my/utama/2024/08/1123306/gaji-kumpulan-pelaksana-pengurusan-dan-profesional-naik-15-peratus-pengurusan,BERNAMA,572
"Suami didakwa cuba bunuh, tolak isteri jatuh gaung",https://www.hmetro.com.my/utama/2024/08/1123304/suami-didakwa-cuba-bunuh-tolak-isteri-jatuh-gaung,Muhamad Lokman Khairi,298
SSPA ganti SSM mulai 1 Disember ini,https://www.hmetro.com.my/utama/2024/08/1123297/sspa-ganti-ssm-mulai-1-disember-ini,Mohd Iskandar Ibrahim dan Noor Atiqah Sulaiman,136
'Budaya pelbagai keunikan kita',https://www.hmetro.com.my/utama/2024/08/1123248/budaya-pelbagai-keunikan-kita,Redzuan Muharam,381
Pengalaman beri keyakinan,https://www.hmetro.com.my/utama/2024/08/1123219/pengalaman-beri-keyakinan,Georgie Joseph,680
Pembantu peribadi pelakon wanita popular ditahan polis,https://www.hmetro.com.my/utama/2024/08/1123211/pembantu-peribadi-pelakon-wanita-popular-ditahan-polis,Wartawan Harian Metro,151
Abang rindukan gurau senda Afham,https://www.hmetro.com.my/utama/2024/08/1123187/abang-rindukan-gurau-senda-afham,Syafil Syazwan Jefri,367
Ibu bersyukur Afham ditemukan dalam keadaan sempurna,https://www.hmetro.com.my/utama/2024/08/1123183/ibu-bersyukur-afham-ditemukan-dalam-keadaan-sempurna,Syafil Syazwan Jefri,266
Jenazah Nidza Afham selamat dikebumikan,https://www.hmetro.com.my/utama/2024/08/1123169/jenazah-nidza-afham-selamat-dikebumikan,Amirul Aiman Hamsuddin,150
"Kematian Nidza Afham diklasifikasi SDR, tiada kecederaan fizikal",https://www.hmetro.com.my/utama/2024/08/1123141/kematian-nidza-afham-diklasifikasi-sdr-tiada-kecederaan-fizikal,Hafidzul Hilmi Mohd Noor,160
"'Kalau bukan kerana teman wanitanya, kami mungkin tak tahu Afham hilang' - Aufahanie",https://www.hmetro.com.my/utama/2024/08/1122944/kalau-bukan-kerana-teman-wanitanya-kami-mungkin-tak-tahu-afham-hilang,Syafil Syazwan Jefri,328
"Timbalan pengarah, anggota DBKL didakwa rasuah lindung premis hiburan tanpa lesen",https://www.hmetro.com.my/utama/2024/08/1122931/timbalan-pengarah-anggota-dbkl-didakwa-rasuah-lindung-premis-hiburan-tanpa,Raja Noraina Raja Rahim,448
Suspek kes tolak isteri ke gaung akan didakwa esok,https://www.hmetro.com.my/utama/2024/08/1122896/suspek-kes-tolak-isteri-ke-gaung-akan-didakwa-esok,Muhammad Zulsyamini Sufian Suri,172
Nidza Afham mahu jadi terkenal,https://www.hmetro.com.my/utama/2024/08/1122894/nidza-afham-mahu-jadi-terkenal,Syafil Syazwan Jefri,282
'Tolong jangan kongsi gambar arwah ketika ditemui itu' - Aufahanie,https://www.hmetro.com.my/utama/2024/08/1122886/tolong-jangan-kongsi-gambar-arwah-ketika-ditemui-itu-aufahanie,Syafil Syazwan Jefri,231
'Tolong jangan kongsi gambar arwah ketika ditemui itu' - Aufahanie,https://www.hmetro.com.my/utama/2024/08/1122886/tolong-jangan-kongsi-gambar-arwah-ketika-ditemui-itu-aufahanie,Syafil Syazwan Jefri,231
Lakonan terlampau 'kayu',https://www.hmetro.com.my/utama/2024/08/1122835/lakonan-terlampau-kayu,Syafil Syazwan Jefri,790
"'Saat laungkan azan, saya harap Am masih ada, tapi saya reda pemergiannya' - Ayah",https://www.hmetro.com.my/utama/2024/08/1122827/saat-laungkan-azan-saya-harap-am-masih-ada-tapi-saya-reda-pemergiannya-ayah,Ruwaida Md Zain,467
Mayat di Sungai Klang sah Nidza Afham,https://www.hmetro.com.my/utama/2024/08/1122793/mayat-di-sungai-klang-sah-nidza-afham,Mohd Haris Fadli Mohd Fadzil dan Ruwaida Md Zain,126
"Suspek kes bunuh, bakar rumah direman 7 hari",https://www.hmetro.com.my/utama/2024/08/1122545/suspek-kes-bunuh-bakar-rumah-direman-7-hari,Alias Abd Rani,262
Penyanyi hilang lepas keluar jogging,https://www.hmetro.com.my/utama/2024/08/1122518/penyanyi-hilang-lepas-keluar-jogging,Sudirman Mohd Tahir,315
10 momen tular Paris 2024,https://www.hmetro.com.my/utama/2024/08/1122484/10-momen-tular-paris-2024,,663
"Kes 3 sekeluarga maut: Suspek ditahan, dijangka direman pagi ini",https://www.hmetro.com.my/utama/2024/08/1122471/kes-3-sekeluarga-maut-suspek-ditahan-dijangka-direman-pagi-ini,Alias Abd Rani,206
'Memaafkan lebih tenang',https://www.hmetro.com.my/utama/2024/08/1122437/memaafkan-lebih-tenang,Norhayati Nordin,592
Azizulhasni mungkin tak jadi bersara?,https://www.hmetro.com.my/utama/2024/08/1122409/azizulhasni-mungkin-tak-jadi-bersara,Saiful Affendy Sapran,371
'Kami mohon maaf gagal bawa balik emas',https://www.hmetro.com.my/utama/2024/08/1122402/kami-mohon-maaf-gagal-bawa-balik-emas,Saiful Afffendy Sapran,250
"Cuba leraikan pergaduhan, warga emas maut ditikam gunting",https://www.hmetro.com.my/utama/2024/08/1122376/cuba-leraikan-pergaduhan-warga-emas-maut-ditikam-gunting,Nur Izzati Mohamad,235
"Tak faham kenapa tular, tapi bagus untuk Sabah - Tony Fernandes",https://www.hmetro.com.my/utama/2024/08/1122305/tak-faham-kenapa-tular-tapi-bagus-untuk-sabah-tony-fernandes,Rafiqah Dahali,210
"PM dijangka buat pengumuman penting berkaitan SSPA di MAPPA, Jumaat ini",https://www.hmetro.com.my/utama/2024/08/1122162/pm-dijangka-buat-pengumuman-penting-berkaitan-sspa-di-mappa-jumaat-ini,BERNAMA,260
"Ais, batu, syabu, sejuk paling ramai ketagih",https://www.hmetro.com.my/utama/2024/08/1122144/ais-batu-syabu-sejuk-paling-ramai-ketagih,Raja Noraina Raja Rahim dan Muhaamad Hafis Nawawi,551
Suspek tikam dua wanita di tandas surau di Kelana Jaya ditahan di Kajang,https://www.hmetro.com.my/utama/2024/08/1122079/suspek-tikam-dua-wanita-di-tandas-surau-di-kelana-jaya-ditahan-di-kajang,Raja Noraina Raja Rahim dan Muhaamad Hafis Nawawi,162
Hasil gubahan pencipta tiga kaum,https://www.hmetro.com.my/utama/2024/08/1122053/hasil-gubahan-pencipta-tiga-kaum,BERNAMA,695
Cabaran 'Ustaz Jazlan',https://www.hmetro.com.my/utama/2024/08/1122020/cabaran-ustaz-jazlan,Syafil Syazwan Jefri,736
Lelaki didakwa bunuh anak tauke restoran,https://www.hmetro.com.my/utama/2024/08/1121971/lelaki-didakwa-bunuh-anak-tauke-restoran,Izwan Abdullah,190
Suspek bukan bekas teman lelaki arwah - suami Allahyarham Istiqomah,https://www.hmetro.com.my/utama/2024/08/1121907/suspek-bukan-bekas-teman-lelaki-arwah-suami-allahyarham-istiqomah,Mary Victoria Dass,177
